user,split
2355,train
2912,train
2662,train
719,train
2053,train
1918,train
3017,train
1632,train
2773,train
2987,train
1284,train
996,train
1983,train
3767,train
1962,train
3490,train
492,train
1451,train
3204,train
1860,train
2346,train
1696,train
3652,train
762,train
2023,train
2995,train
2603,train
3118,train
530,train
2047,train
1758,train
1110,train
3905,train
1113,train
628,train
3958,train
1806,train
321,train
4044,train
2178,train
2405,train
352,train
1372,train
1677,train
3700,train
3322,train
697,train
884,train
1843,train
1135,train
3071,train
1808,train
1895,train
1129,train
2907,train
212,train
2184,train
2523,train
592,train
1348,train
3100,train
1491,train
2636,train
3923,train
3684,train
122,train
1148,train
614,train
2627,train
500,train
2190,train
865,train
3019,train
3200,train
1476,train
1487,train
2536,train
466,train
1769,train
1009,train
2994,train
2797,train
1070,train
2563,train
192,train
2140,train
1511,train
1412,train
4059,train
975,train
3554,train
2692,train
2014,train
3051,train
1071,train
2840,train
1243,train
1345,train
1464,train
889,train
743,train
3769,train
3531,train
3461,train
956,train
3566,train
2041,train
2138,train
510,train
3666,train
2943,train
712,train
2133,train
2228,train
607,train
1703,train
2598,train
2852,train
3495,train
1244,train
1411,train
3143,train
1628,train
31,train
2559,train
3872,train
1496,train
3207,train
1946,train
3617,train
1021,train
3178,train
1779,train
2277,train
2689,train
367,train
453,train
2391,train
3705,train
135,train
444,train
3107,train
2222,train
3426,train
2789,train
3951,train
1960,train
1872,train
591,train
2504,train
424,train
1776,train
4013,train
2448,train
3950,train
1096,train
2750,train
3762,train
1627,train
174,train
2243,train
2566,train
3452,train
2092,train
1145,train
2568,train
2803,train
3563,train
1968,train
2865,train
2246,train
2911,train
2552,train
3844,train
4007,train
365,train
621,train
2950,train
2796,train
68,train
2393,train
281,train
662,train
2896,train
2071,train
2620,train
3492,train
991,train
1514,train
2502,train
3817,train
343,train
1537,train
2479,train
3185,train
2732,train
50,train
1011,train
625,train
720,train
1132,train
2575,train
3569,train
2930,train
2682,train
2230,train
1445,train
3903,train
2687,train
470,train
4037,train
2505,train
1314,train
186,train
400,train
940,train
3913,train
257,train
1731,train
3316,train
1859,train
1637,train
498,train
1727,train
3856,train
2982,train
2060,train
3513,train
2738,train
1302,train
2182,train
377,train
1988,train
175,train
2002,train
3636,train
178,train
1774,train
2003,train
680,train
3710,train
3534,train
2919,train
663,train
2862,train
2282,train
48,train
2221,train
3608,train
2463,train
3806,train
2293,train
960,train
1723,train
1557,train
3665,train
2197,train
3278,train
1655,train
2538,train
3364,train
3205,train
913,train
3446,train
1707,train
3576,train
1873,train
1666,train
2974,train
2135,train
1431,train
772,train
2086,train
3074,train
1083,train
2127,train
433,train
2506,train
2947,train
3280,train
3450,train
1738,train
2596,train
3754,train
2985,train
3084,train
709,train
2783,train
2026,train
2891,train
2466,train
3671,train
3132,train
176,train
385,train
1826,train
429,train
2724,train
2726,train
2829,train
1361,train
2584,train
3165,train
1160,train
78,train
3229,train
2114,train
1143,train
4043,train
100,train
451,train
454,train
2100,train
3764,train
792,train
1339,train
2740,train
580,train
638,train
4001,train
3565,train
3411,train
1503,train
779,train
1864,train
3191,train
2027,train
2388,train
2965,train
1743,train
2876,train
2880,train
965,train
1064,train
2040,train
3047,train
1645,train
1699,train
3371,train
242,train
3960,train
2162,train
231,train
214,train
2179,train
2298,train
1847,train
1982,train
623,train
409,train
3374,train
2441,train
181,train
3285,train
2978,train
2081,train
2779,train
3153,train
1455,train
1618,train
1716,train
1157,train
797,train
3428,train
3533,train
2438,train
2759,train
3659,train
303,train
3831,train
1761,train
2637,train
2477,train
1048,train
2838,train
2527,train
3283,train
2737,train
3739,train
108,train
1052,train
1777,train
1615,train
1489,train
1067,train
3786,train
2368,train
3231,train
8,train
3776,train
1334,train
1208,train
2975,train
596,train
724,train
3451,train
233,train
1188,train
1811,train
2915,train
1481,train
660,train
2856,train
132,train
2831,train
522,train
70,train
1690,train
1220,train
1215,train
3733,train
1782,train
17,train
3937,train
2174,train
3004,train
1346,train
3174,train
3233,train
3935,train
1248,train
3472,train
3296,train
3309,train
3667,train
3341,train
2841,train
1357,train
2595,train
1075,train
3978,train
3801,train
1684,train
1452,train
2173,train
1551,train
3858,train
1804,train
2751,train
1221,train
1719,train
2326,train
643,train
3101,train
3369,train
3873,train
512,train
2451,train
1912,train
1927,train
2068,train
668,train
1222,train
672,train
220,train
116,train
723,train
2684,train
3521,train
1405,train
3615,train
1948,train
3751,train
2580,train
594,train
332,train
1525,train
877,train
3727,train
2927,train
1839,train
3225,train
2629,train
2005,train
2373,train
519,train
1001,train
1005,train
3206,train
1771,train
3058,train
3131,train
3274,train
2124,train
3546,train
3998,train
2647,train
1055,train
774,train
1598,train
3927,train
3202,train
514,train
1063,train
1312,train
3227,train
3077,train
481,train
4016,train
3413,train
2238,train
133,train
3902,train
1796,train
3922,train
310,train
2143,train
1236,train
29,train
788,train
28,train
3734,train
4040,train
529,train
3403,train
1128,train
3731,train
2626,train
3039,train
2467,train
2259,train
2128,train
3591,train
1430,train
1392,train
3740,train
230,train
1449,train
2049,train
3952,train
1012,train
3990,train
713,train
2485,train
1972,train
2721,train
2889,train
2542,train
1686,train
2247,train
3489,train
1517,train
322,train
622,train
835,train
1174,train
993,train
2938,train
2611,train
2814,train
2159,train
479,train
863,train
554,train
1230,train
1617,train
177,train
2753,train
683,train
3034,train
885,train
3126,train
1073,train
1088,train
249,train
381,train
170,train
1103,train
34,train
3530,train
125,train
3219,train
2214,train
313,train
82,train
1107,train
557,train
1355,train
3638,train
3061,train
77,train
16,train
2379,train
2327,train
4006,train
2885,train
3306,train
892,train
1490,train
933,train
3543,train
3830,train
1750,train
130,train
4057,train
293,train
567,train
2639,train
2920,train
3338,train
2270,train
2597,train
3436,train
1212,train
3827,train
951,train
1283,train
129,train
2881,train
2707,train
147,train
910,train
3494,train
1978,train
2262,train
941,train
3623,train
1101,train
1892,train
2115,train
2437,train
2578,train
2349,train
3522,train
2131,train
402,train
1985,train
1025,train
1034,train
3581,train
1333,train
158,train
1460,train
80,train
1904,train
2283,train
2037,train
3164,train
1472,train
1622,train
2747,train
1270,train
223,train
1965,train
536,train
957,train
3838,train
3257,train
3747,train
1152,train
2251,train
2944,train
3010,train
1440,train
3493,train
1519,train
2895,train
1338,train
497,train
2756,train
1694,train
151,train
866,train
3506,train
2265,train
1417,train
2339,train
1389,train
1262,train
2415,train
1204,train
3033,train
3876,train
2725,train
3639,train
2446,train
617,train
3840,train
3442,train
2667,train
2292,train
3647,train
3297,train
1966,train
495,train
1538,train
3763,train
2739,train
1329,train
890,train
619,train
1818,train
2374,train
461,train
418,train
435,train
1509,train
441,train
1798,train
783,train
1935,train
1328,train
1833,train
2465,train
1225,train
1341,train
693,train
3612,train
1352,train
285,train
3303,train
1435,train
2515,train
3770,train
372,train
3048,train
1712,train
422,train
2842,train
2501,train
4,train
4021,train
216,train
3086,train
1306,train
2734,train
191,train
2481,train
3850,train
30,train
3001,train
1175,train
2510,train
2909,train
3258,train
2417,train
2877,train
3318,train
3812,train
677,train
2849,train
2266,train
2284,train
578,train
2492,train
1980,train
1378,train
1069,train
782,train
1647,train
3695,train
2954,train
612,train
3772,train
2859,train
1,train
854,train
3224,train
2151,train
2096,train
2731,train
2587,train
2777,train
3519,train
2951,train
3706,train
2656,train
3434,train
2748,train
185,train
2408,train
2203,train
3895,train
786,train
1692,train
876,train
3149,train
1241,train
1087,train
3099,train
2813,train
692,train
2180,train
396,train
2879,train
1026,train
1921,train
2167,train
4027,train
1773,train
935,train
3685,train
1604,train
452,train
404,train
1504,train
929,train
47,train
581,train
2593,train
1227,train
1205,train
2820,train
1124,train
45,train
1141,train
84,train
1664,train
1714,train
676,train
419,train
476,train
2872,train
1274,train
518,train
3777,train
3269,train
3651,train
3,train
768,train
3920,train
1325,train
3046,train
2235,train
2316,train
649,train
2574,train
2932,train
415,train
609,train
2848,train
2257,train
769,train
2490,train
2997,train
4041,train
2558,train
748,train
1168,train
1144,train
2054,train
2589,train
3463,train
2445,train
3423,train
917,train
3708,train
3691,train
1944,train
1155,train
2688,train
416,train
2594,train
3802,train
1575,train
2098,train
4049,train
1646,train
3819,train
2755,train
1217,train
289,train
812,train
1763,train
2013,train
2633,train
1830,train
1889,train
282,train
1031,train
1670,train
654,train
686,train
3582,train
3996,train
3128,train
3151,train
1688,train
75,train
1323,train
3994,train
516,train
1390,train
3505,train
4030,train
1879,train
3264,train
3704,train
250,train
1416,train
1260,train
3401,train
873,train
2188,train
2746,train
1593,train
2367,train
4028,train
631,train
2332,train
350,train
2113,train
2427,train
3843,train
3430,train
2337,train
209,train
2345,train
551,train
738,train
2928,train
4048,train
113,train
219,train
3857,train
1272,train
3634,train
1494,train
1397,train
3380,train
1620,train
880,train
2006,train
2742,train
131,train
2543,train
1473,train
2565,train
3481,train
1695,train
3663,train
2233,train
1823,train
2833,train
751,train
665,train
918,train
2210,train
3223,train
3804,train
860,train
3444,train
1226,train
2175,train
2807,train
2357,train
2711,train
1218,train
1429,train
480,train
472,train
3957,train
2341,train
685,train
3550,train
2193,train
1104,train
1999,train
2389,train
1986,train
3866,train
1789,train
3742,train
3311,train
2398,train
1309,train
3999,train
739,train
1044,train
849,train
3890,train
2287,train
1373,train
2353,train
2993,train
1984,train
3342,train
737,train
248,train
837,train
430,train
3106,train
1933,train
263,train
2703,train
1685,train
3730,train
3193,train
2878,train
3398,train
18,train
2343,train
2605,train
3759,train
3887,train
1266,train
483,train
3476,train
1961,train
756,train
871,train
127,train
2205,train
2029,train
3127,train
1919,train
3072,train
974,train
405,train
298,train
3038,train
2454,train
770,train
2866,train
1953,train
1819,train
2254,train
3542,train
3711,train
215,train
2429,train
1163,train
552,train
2444,train
2929,train
395,train
3633,train
3429,train
1171,train
1293,train
1624,train
874,train
586,train
3345,train
2668,train
763,train
3931,train
3702,train
2186,train
3052,train
2108,train
1821,train
1639,train
1271,train
1998,train
3584,train
3045,train
3823,train
241,train
3510,train
3987,train
3621,train
3026,train
3976,train
3470,train
1196,train
1033,train
3381,train
3261,train
1920,train
119,train
1359,train
2084,train
823,train
1418,train
1635,train
1568,train
1118,train
1767,train
3479,train
2922,train
2309,train
1444,train
3365,train
3291,train
1850,train
3113,train
3906,train
3317,train
1084,train
2551,train
486,train
354,train
413,train
1437,train
1926,train
2212,train
2599,train
2191,train
1116,train
1053,train
3272,train
1964,train
1407,train
1305,train
1376,train
3325,train
946,train
843,train
3168,train
312,train
3822,train
841,train
67,train
1332,train
2855,train
3177,train
1014,train
1176,train
2285,train
106,train
1770,train
3915,train
348,train
3454,train
1852,train
232,train
847,train
1973,train
2606,train
3194,train
90,train
342,train
2971,train
859,train
4047,train
911,train
2004,train
2381,train
1433,train
1257,train
1100,train
2728,train
3093,train
2409,train
3992,train
69,train
2884,train
1441,train
469,train
1004,train
3172,train
3391,train
1844,train
2161,train
1020,train
947,train
1663,train
1485,train
4052,train
3351,train
789,train
982,train
123,train
1018,train
2770,train
3953,train
2792,train
3717,train
1784,train
2615,train
1391,train
2658,train
2744,train
2564,train
780,train
2363,train
3498,train
4045,train
2923,train
331,train
3155,train
3803,train
1385,train
1702,train
1106,train
3443,train
3116,train
1976,train
2139,train
3235,train
3256,train
936,train
803,train
3664,train
1543,train
237,train
511,train
3598,train
1062,train
83,train
2296,train
3416,train
1643,train
1027,train
1945,train
2518,train
3722,train
2815,train
3897,train
2334,train
1251,train
1428,train
2273,train
319,train
1439,train
994,train
2906,train
1277,train
3981,train
3041,train
2352,train
585,train
87,train
1470,train
406,train
2456,train
3925,train
3075,train
2845,train
1404,train
2618,train
274,train
3585,train
157,train
487,train
1875,train
3972,train
1668,train
2172,train
920,train
267,train
379,train
99,train
283,train
3874,train
825,train
1586,train
3125,train
2160,train
3686,train
3529,train
1187,train
702,train
3455,train
2774,train
3881,train
2261,train
793,train
3230,train
3983,train
3293,train
1120,train
795,train
3453,train
3867,train
2302,train
3787,train
3811,train
3738,train
1276,train
1463,train
2799,train
1899,train
761,train
3163,train
2812,train
3445,train
3373,train
473,train
2583,train
1660,train
3327,train
2736,train
1583,train
3213,train
168,train
2998,train
2093,train
2031,train
3593,train
1461,train
3746,train
701,train
804,train
3929,train
624,train
1813,train
954,train
3377,train
2397,train
1112,train
2149,train
2962,train
541,train
845,train
146,train
3646,train
3154,train
1268,train
2989,train
2077,train
992,train
393,train
1097,train
1715,train
1045,train
2177,train
4034,train
2625,train
2219,train
3885,train
3104,train
3760,train
2832,train
3031,train
3703,train
1783,train
771,train
3750,train
2664,train
2898,train
983,train
1958,train
985,train
3294,train
3467,train
1781,train
26,train
4019,train
1975,train
784,train
2413,train
1072,train
1874,train
3496,train
1529,train
1542,train
1929,train
463,train
165,train
1651,train
531,train
1673,train
1290,train
3561,train
3353,train
1165,train
2945,train
1047,train
3022,train
3536,train
538,train
153,train
109,train
4060,train
1792,train
2537,train
872,train
1421,train
3977,train
2144,train
1722,train
3914,train
344,train
2503,train
2164,train
2200,train
3098,train
2295,train
2768,train
1086,train
330,train
266,train
425,train
3851,train
1711,train
2289,train
1057,train
2524,train
166,train
1866,train
412,train
3352,train
1785,train
2554,train
392,train
766,train
1744,train
3392,train
2091,train
120,train
1606,train
593,train
1436,train
2516,train
2520,train
785,train
347,train
3516,train
3400,train
629,train
2785,train
210,train
2650,train
2963,train
2286,train
2657,train
2776,train
1799,train
3656,train
3376,train
1869,train
897,train
2644,train
1237,train
3599,train
2069,train
848,train
927,train
1282,train
436,train
2311,train
776,train
1207,train
1906,train
800,train
1289,train
3250,train
2428,train
448,train
2019,train
1760,train
1438,train
3835,train
2109,train
2592,train
3660,train
1223,train
3253,train
1691,train
2851,train
1178,train
3635,train
798,train
408,train
387,train
2766,train
1401,train
1849,train
1318,train
1078,train
2683,train
1884,train
140,train
2791,train
2183,train
1762,train
2392,train
1224,train
898,train
733,train
195,train
556,train
3984,train
1367,train
2032,train
2244,train
3982,train
2890,train
3228,train
3408,train
963,train
3079,train
1701,train
3248,train
1358,train
2112,train
3331,train
3307,train
3130,train
710,train
2908,train
3973,train
376,train
2110,train
2045,train
3192,train
1375,train
2860,train
3698,train
2223,train
2056,train
1993,train
3678,train
543,train
2691,train
2008,train
3304,train
601,train
2076,train
1399,train
2021,train
1592,train
2834,train
3350,train
3748,train
2511,train
88,train
73,train
2590,train
3774,train
3324,train
2089,train
744,train
699,train
434,train
2996,train
2825,train
3404,train
2028,train
3773,train
2439,train
3050,train
544,train
2072,train
1239,train
304,train
198,train
1891,train
3845,train
3243,train
560,train
1914,train
2323,train
1140,train
506,train
587,train
3886,train
3559,train
1321,train
2494,train
1038,train
94,train
1718,train
3024,train
1246,train
1185,train
1040,train
3500,train
3015,train
252,train
2279,train
1172,train
532,train
3065,train
3218,train
3745,train
1395,train
2630,train
896,train
3393,train
2362,train
3410,train
1689,train
3932,train
2155,train
1706,train
3035,train
715,train
1468,train
2858,train
3768,train
273,train
143,train
2983,train
3547,train
1149,train
2411,train
1330,train
3133,train
2308,train
2660,train
3728,train
1922,train
639,train
2690,train
2470,train
972,train
1177,train
3078,train
246,train
265,train
1029,train
2017,train
3433,train
2619,train
2628,train
465,train
148,train
767,train
3020,train
2390,train
2234,train
3933,train
1612,train
3961,train
141,train
3641,train
4042,train
361,train
3462,train
846,train
1313,train
3540,train
2933,train
184,train
2883,train
101,train
3692,train
2360,train
2324,train
3302,train
878,train
602,train
3222,train
1403,train
1636,train
1910,train
1834,train
15,train
1010,train
3120,train
603,train
640,train
3379,train
2354,train
1698,train
2641,train
902,train
977,train
1650,train
1936,train
2330,train
3645,train
1386,train
1747,train
1812,train
2095,train
1898,train
3251,train
296,train
1304,train
3432,train
818,train
3795,train
821,train
2242,train
3215,train
2730,train
3955,train
4000,train
1588,train
1190,train
1059,train
2469,train
2680,train
3348,train
971,train
2874,train
1862,train
696,train
3147,train
679,train
56,train
3301,train
658,train
813,train
2198,train
1456,train
909,train
2986,train
3680,train
1340,train
1060,train
3997,train
2925,train
2519,train
1609,train
2120,train
1419,train
2301,train
1854,train
1894,train
2610,train
1203,train
2158,train
955,train
2322,train
2402,train
2206,train
2765,train
1704,train
1659,train
3385,train
900,train
1483,train
3849,train
726,train
1730,train
742,train
3273,train
3877,train
1981,train
477,train
1077,train
3788,train
2475,train
3363,train
791,train
3854,train
3654,train
853,train
1678,train
2795,train
2125,train
370,train
1665,train
1206,train
3724,train
1601,train
1870,train
3418,train
944,train
2280,train
1458,train
3949,train
608,train
1036,train
3859,train
2547,train
1459,train
2376,train
537,train
1335,train
2722,train
2447,train
1195,train
3440,train
1943,train
144,train
1757,train
2794,train
1868,train
1467,train
2146,train
1170,train
2386,train
152,train
964,train
879,train
464,train
1599,train
1122,train
3681,train
2804,train
2443,train
1213,train
1881,train
945,train
2264,train
455,train
3714,train
3732,train
1597,train
1138,train
300,train
2394,train
2342,train
4024,train
3170,train
2442,train
1605,train
1495,train
942,train
255,train
1825,train
258,train
1855,train
2483,train
1209,train
3985,train
2710,train
3560,train
2256,train
2057,train
3614,train
1582,train
1801,train
563,train
2232,train
3080,train
916,train
3070,train
3190,train
1093,train
2105,train
3527,train
864,train
3928,train
3507,train
4031,train
1924,train
3938,train
2714,train
3523,train
2385,train
2278,train
1471,train
2600,train
2123,train
2195,train
2321,train
3465,train
169,train
280,train
1903,train
3661,train
102,train
3043,train
759,train
2126,train
2719,train
336,train
2065,train
3123,train
3936,train
651,train
2723,train
2291,train
2875,train
1498,train
3908,train
810,train
260,train
691,train
2347,train
3424,train
1493,train
1450,train
2375,train
3901,train
3544,train
2819,train
3532,train
3674,train
2613,train
598,train
2272,train
3816,train
3196,train
4008,train
806,train
1780,train
3049,train
2331,train
2741,train
3016,train
2653,train
2073,train
1752,train
318,train
3412,train
3030,train
1264,train
2918,train
2176,train
2992,train
2960,train
2304,train
1648,train
268,train
3456,train
38,train
3357,train
3290,train
134,train
1816,train
657,train
3396,train
1888,train
1265,train
2194,train
2521,train
142,train
670,train
2030,train
1930,train
1043,train
1109,train
2482,train
2118,train
3562,train
2269,train
3924,train
86,train
2422,train
2980,train
3482,train
1613,train
857,train
2034,train
637,train
2022,train
2434,train
309,train
2695,train
427,train
1469,train
1803,train
894,train
3158,train
2487,train
546,train
3152,train
2496,train
2416,train
3415,train
1725,train
2586,train
1566,train
407,train
1765,train
3417,train
1570,train
1589,train
1297,train
2058,train
3889,train
3518,train
3573,train
2870,train
154,train
3474,train
3959,train
3320,train
2602,train
2675,train
1867,train
2643,train
3775,train
449,train
203,train
572,train
2531,train
2844,train
734,train
4010,train
2624,train
3226,train
2652,train
513,train
834,train
3182,train
208,train
1675,train
2419,train
234,train
2631,train
2217,train
2404,train
2171,train
1840,train
3245,train
2553,train
337,train
288,train
3586,train
3334,train
3853,train
3556,train
2216,train
1611,train
98,train
3541,train
10,train
1054,train
1546,train
3869,train
2585,train
502,train
2678,train
674,train
2036,train
2220,train
1049,train
656,train
1713,train
1916,train
1350,train
3995,train
3829,train
1133,train
2764,train
3145,train
362,train
1693,train
729,train
1558,train
3097,train
953,train
2350,train
1959,train
539,train
3979,train
3761,train
3991,train
180,train
659,train
3468,train
371,train
4003,train
3382,train
2300,train
1788,train
1662,train
2899,train
1587,train
3779,train
3140,train
378,train
4018,train
655,train
523,train
980,train
55,train
3388,train
1502,train
2249,train
115,train
3372,train
4062,train
2458,train
2271,train
357,train
390,train
3457,train
2507,train
51,train
1778,train
615,train
3868,train
1254,train
4064,train
2240,train
2372,train
2340,train
356,train
1201,train
3514,train
1492,train
1126,train
1963,train
501,train
1608,train
981,train
2701,train
2767,train
722,train
2166,train
831,train
3308,train
2024,train
2729,train
2530,train
3361,train
315,train
1676,train
3882,train
549,train
217,train
3968,train
307,train
3946,train
3173,train
2382,train
235,train
107,train
3971,train
1913,train
912,train
979,train
3014,train
4055,train
2972,train
3848,train
3094,train
755,train
2984,train
40,train
3725,train
1327,train
3121,train
3241,train
1790,train
3783,train
3539,train
754,train
3855,train
329,train
2784,train
3934,train
1574,train
2185,train
3883,train
3752,train
3637,train
967,train
1285,train
202,train
346,train
1882,train
284,train
1098,train
3653,train
976,train
1979,train
3109,train
4011,train
553,train
1671,train
3989,train
2712,train
1807,train
36,train
2948,train
302,train
2910,train
610,train
2557,train
1111,train
1134,train
717,train
1559,train
882,train
3799,train
2826,train
3648,train
2679,train
2956,train
3794,train
1905,train
3006,train
2824,train
1886,train
2601,train
1374,train
111,train
3930,train
3907,train
3965,train
1710,train
1090,train
1938,train
548,train
1191,train
3781,train
3279,train
1273,train
103,train
3060,train
2090,train
3941,train
2400,train
730,train
3616,train
2582,train
4065,train
3199,train
384,train
1320,train
579,train
150,train
1928,train
218,train
2532,train
1388,train
3335,train
3197,train
3782,train
1076,train
1354,train
819,train
1741,train
1016,train
2052,train
1890,train
334,train
1130,train
869,train
1917,train
2038,train
599,train
3389,train
1619,train
2025,train
2078,train
1814,train
2888,train
32,train
3515,train
1164,train
338,train
1853,train
2192,train
3797,train
664,train
394,train
1845,train
509,train
4056,train
3288,train
3319,train
2952,train
1846,train
1255,train
3921,train
921,train
3911,train
1369,train
3755,train
1482,train
1893,train
239,train
1301,train
3805,train
3212,train
3360,train
2130,train
3407,train
2955,train
3810,train
1180,train
1466,train
1303,train
2576,train
2333,train
3846,train
1683,train
489,train
747,train
1247,train
3117,train
3796,train
773,train
3499,train
2540,train
2395,train
2902,train
2581,train
460,train
1721,train
0,train
411,train
568,train
2462,train
1326,train
1909,train
1642,train
2892,train
1705,train
1184,train
3029,train
3677,train
3888,train
2771,train
1768,train
3405,train
569,train
2699,train
2208,train
2931,train
1256,train
117,train
20,train
2864,train
2573,train
1105,train
799,train
4005,train
3555,train
1006,train
179,train
189,train
2782,train
3460,train
1364,train
2533,train
802,train
3329,train
2418,train
852,train
3088,train
44,train
2310,train
383,train
25,train
3602,train
60,train
3157,train
728,train
2473,train
3137,train
1739,train
2835,train
3673,train
340,train
3187,train
2039,train
3956,train
1654,train
2761,train
875,train
2484,train
2268,train
1748,train
1426,train
2152,train
1652,train
1167,train
1680,train
727,train
2099,train
590,train
2793,train
2062,train
1957,train
2654,train
595,train
2704,train
2509,train
3537,train
790,train
276,train
136,train
931,train
1500,train
666,train
353,train
1996,train
1555,train
1121,train
1908,train
2048,train
1030,train
2646,train
1687,train
1518,train
3736,train
1153,train
254,train
2119,train
1585,train
471,train
1931,train
1108,train
1871,train
171,train
3605,train
3880,train
1216,train
1614,train
899,train
694,train
2315,train
138,train
3553,train
3437,train
3169,train
1581,train
2079,train
969,train
3578,train
575,train
3629,train
566,train
858,train
1443,train
2059,train
2749,train
228,train
3520,train
1510,train
673,train
2074,train
1577,train
3156,train
1425,train
2134,train
1681,train
1603,train
493,train
1772,train
236,train
3236,train
2935,train
630,train
3032,train
1708,train
4061,train
1360,train
21,train
997,train
269,train
3175,train
681,train
2924,train
1091,train
2252,train
547,train
292,train
1754,train
3210,train
1370,train
1382,train
3741,train
504,train
1571,train
1454,train
741,train
745,train
2821,train
3512,train
1766,train
2786,train
698,train
1017,train
2550,train
3948,train
2940,train
3583,train
3676,train
2436,train
126,train
306,train
259,train
2495,train
561,train
2101,train
3370,train
1288,train
3589,train
2823,train
2281,train
2307,train
3718,train
335,train
3610,train
380,train
200,train
703,train
187,train
3878,train
919,train
3594,train
3276,train
156,train
1035,train
1231,train
1074,train
12,train
648,train
3597,train
3744,train
3347,train
1162,train
222,train
1883,train
934,train
1453,train
2949,train
2387,train
2472,train
542,train
573,train
2369,train
618,train
2426,train
855,train
1848,train
1501,train
1541,train
1580,train
3346,train
2122,train
3239,train
66,train
3040,train
2306,train
1822,train
2579,train
4053,train
172,train
3081,train
1169,train
3007,train
2809,train
606,train
1151,train
2708,train
3538,train
3622,train
3682,train
2990,train
19,train
363,train
3023,train
524,train
1154,train
3464,train
3473,train
2088,train
1536,train
1235,train
1337,train
925,train
613,train
1787,train
1261,train
811,train
23,train
3966,train
2117,train
1644,train
2959,train
1398,train
2808,train
278,train
193,train
2705,train
1516,train
1607,train
1533,train
2939,train
1344,train
1977,train
2981,train
716,train
238,train
1380,train
2055,train
4038,train
2727,train
2916,train
3028,train
43,train
1667,train
1115,train
324,train
3789,train
317,train
1387,train
3574,train
14,train
3064,train
445,train
1192,train
197,train
1250,train
3252,train
3729,train
815,train
1166,train
2478,train
1415,train
3784,train
305,train
2655,train
1280,train
3650,train
91,train
1400,train
3265,train
3644,train
3089,train
1991,train
3053,train
3785,train
1424,train
1319,train
1600,train
467,train
508,train
2358,train
1197,train
1269,train
3267,train
431,train
520,train
53,train
62,train
33,train
2107,train
1474,train
3511,train
1295,train
2604,train
213,train
1159,train
3119,train
2,train
1085,train
1080,train
3435,train
1828,train
2075,train
3480,train
3013,train
1820,train
3201,train
474,train
2148,train
1061,train
1990,train
1336,train
2196,train
57,train
924,train
1520,train
1477,train
39,train
600,train
3834,train
3395,train
505,train
3697,train
3478,train
3343,train
647,train
1432,train
2867,train
3018,train
1817,train
2320,train
3198,train
1479,train
3864,train
3778,train
1384,train
1791,train
1554,train
1759,train
3378,train
2267,train
2245,train
3466,train
3321,train
3323,train
3091,train
2033,train
4039,train
711,train
1749,train
1625,train
1797,train
475,train
3974,train
3821,train
1423,train
868,train
243,train
3277,train
1147,train
2612,train
507,train
110,train
2953,train
923,train
2288,train
3420,train
3189,train
626,train
3208,train
3940,train
2843,train
1488,train
571,train
2050,train
225,train
636,train
3313,train
3535,train
457,train
999,train
1523,train
750,train
2468,train
3237,train
3406,train
1971,train
2850,train
1800,train
3314,train
2517,train
1794,train
3037,train
2227,train
1457,train
1497,train
4032,train
2541,train
3399,train
1729,train
2621,train
1838,train
2103,train
2145,train
2946,train
2745,train
3055,train
3289,train
684,train
2549,train
2539,train
420,train
2136,train
907,train
2763,train
1331,train
939,train
2181,train
3471,train
817,train
2370,train
3059,train
1079,train
3842,train
1024,train
96,train
3180,train
2893,train
3356,train
3815,train
1139,train
905,train
3387,train
3643,train
943,train
3832,train
808,train
3551,train
1887,train
1189,train
173,train
833,train
2733,train
1947,train
2010,train
922,train
3826,train
829,train
2522,train
97,train
112,train
2401,train
1590,train
421,train
2663,train
705,train
3701,train
695,train
484,train
2758,train
3942,train
226,train
3275,train
1640,train
632,train
11,train
3975,train
2403,train
1539,train
1851,train
2435,train
3238,train
1700,train
688,train
2116,train
2969,train
2012,train
2988,train
389,train
1740,train
61,train
2871,train
2957,train
1657,train
937,train
3355,train
128,train
3780,train
3970,train
1066,train
3439,train
2562,train
2805,train
2577,train
1934,train
3570,train
3503,train
2204,train
3448,train
6,train
1995,train
2904,train
1292,train
443,train
1003,train
1955,train
1506,train
3336,train
959,train
71,train
3964,train
2649,train
3870,train
3699,train
1150,train
2224,train
2525,train
229,train
382,train
2556,train
850,train
881,train
839,train
1234,train
3179,train
3087,train
311,train
2231,train
883,train
3509,train
1427,train
3217,train
3012,train
2329,train
3679,train
3292,train
3892,train
1156,train
388,train
3092,train
368,train
2901,train
426,train
3969,train
3552,train
583,train
308,train
3111,train
253,train
2312,train
3486,train
2199,train
3102,train
2913,train
3611,train
3171,train
1475,train
682,train
2696,train
2526,train
1907,train
3136,train
3062,train
3138,train
2561,train
2399,train
1560,train
2142,train
1563,train
1267,train
139,train
611,train
2319,train
1535,train
3912,train
1242,train
35,train
3255,train
245,train
3108,train
1202,train
2673,train
2674,train
2414,train
550,train
1446,train
2752,train
1102,train
3449,train
369,train
3580,train
3668,train
2914,train
796,train
950,train
1291,train
775,train
1876,train
1183,train
1522,train
1974,train
2371,train
968,train
3548,train
970,train
653,train
2837,train
3517,train
3836,train
244,train
1521,train
558,train
1462,train
3749,train
678,train
3005,train
3790,train
2384,train
588,train
24,train
4002,train
3707,train
1591,train
3188,train
891,train
3422,train
574,train
7,train
3167,train
1653,train
765,train
2976,train
1562,train
2070,train
1634,train
2083,train
952,train
3384,train
2651,train
3860,train
1629,train
3524,train
328,train
297,train
988,train
2018,train
1724,train
3630,train
3891,train
2961,train
3841,train
777,train
326,train
3083,train
2325,train
700,train
2063,train
671,train
374,train
2412,train
1829,train
3945,train
3620,train
447,train
1125,train
1037,train
2380,train
201,train
1641,train
2528,train
3501,train
1631,train
1638,train
2634,train
895,train
3366,train
4051,train
3332,train
224,train
2449,train
2941,train
4009,train
3571,train
973,train
27,train
3427,train
3315,train
3944,train
1422,train
256,train
1939,train
403,train
3967,train
1258,train
3203,train
1567,train
2250,train
360,train
3993,train
3002,train
1835,train
906,train
731,train
540,train
757,train
1863,train
327,train
704,train
1937,train
3421,train
2698,train
2546,train
3115,train
842,train
2666,train
627,train
2968,train
2800,train
79,train
3110,train
1263,train
1865,train
2474,train
517,train
1832,train
3069,train
1923,train
1310,train
3090,train
582,train
3340,train
2241,train
64,train
1094,train
2430,train
3852,train
827,train
2498,train
3575,train
9,train
1368,train
3485,train
914,train
3726,train
299,train
1342,train
2677,train
1858,train
958,train
2007,train
3211,train
2790,train
4012,train
1142,train
2569,train
3579,train
3234,train
2129,train
2772,train
2366,train
652,train
2433,train
199,train
468,train
856,train
740,train
3572,train
1857,train
3807,train
3735,train
121,train
1512,train
1366,train
1682,train
3367,train
2317,train
1656,train
1300,train
1447,train
3926,train
359,train
3642,train
1414,train
3383,train
262,train
928,train
1136,train
1547,train
373,train
2810,train
3626,train
1751,train
1343,train
1019,train
2425,train
736,train
206,train
3879,train
2168,train
2163,train
1565,train
341,train
814,train
1486,train
521,train
2211,train
2489,train
2141,train
1480,train
2816,train
1229,train
2202,train
3963,train
3214,train
3144,train
1805,train
2020,train
758,train
3042,train
272,train
3604,train
2887,train
2697,train
1764,train
634,train
1311,train
2801,train
1925,train
1831,train
3624,train
1131,train
2868,train
3814,train
822,train
316,train
4025,train
2461,train
439,train
221,train
1193,train
3036,train
3359,train
3160,train
753,train
3491,train
2016,train
72,train
2378,train
3333,train
291,train
3765,train
196,train
2897,train
1837,train
3105,train
826,train
3820,train
2488,train
1932,train
2694,train
3657,train
1674,train
3640,train
1232,train
2560,train
2716,train
2588,train
3809,train
1000,train
3497,train
240,train
2169,train
2336,train
74,train
2640,train
4063,train
932,train
1410,train
2617,train
1298,train
2066,train
2661,train
2450,train
1095,train
104,train
589,train
3628,train
1002,train
2338,train
3425,train
904,train
2009,train
1478,train
3402,train
204,train
1484,train
646,train
3798,train
92,train
3310,train
1795,train
3076,train
164,train
2493,train
2788,train
1406,train
22,train
3839,train
46,train
3847,train
207,train
2276,train
3134,train
635,train
3459,train
2303,train
194,train
2964,train
3270,train
3259,train
2457,train
1068,train
163,train
2671,train
3800,train
2201,train
1755,train
417,train
725,train
2830,train
1548,train
2104,train
1989,train
1902,train
645,train
2802,train
1841,train
2905,train
2207,train
3693,train
2886,test
1249,test
3900,test
496,test
4014,test
3162,test
3254,test
1347,test
3271,test
3112,test
386,test
870,test
2754,test
114,test
3833,test
526,test
1997,test
2762,test
3298,test
188,test
2966,test
2534,test
3044,test
2638,test
824,test
1228,test
1753,test
1584,test
358,test
2544,test
1878,test
2822,test
1200,test
3669,test
1709,test
1379,test
85,test
1299,test
1940,test
3242,test
159,test
888,test
2977,test
3063,test
3122,test
4004,test
2421,test
2043,test
2453,test
989,test
1032,test
4022,test
2432,test
1008,test
1434,test
1322,test
1734,test
1596,test
1897,test
801,test
620,test
901,test
3837,test
3689,test
1877,test
2137,test
794,test
4054,test
3818,test
2839,test
605,test
3483,test
2000,test
1556,test
155,test
3009,test
990,test
271,test
3861,test
2735,test
3824,test
2351,test
2973,test
183,test
2700,test
2512,test
478,test
1448,test
714,test
577,test
3528,test
124,test
3344,test
59,test
375,test
2102,test
1578,test
2046,test
482,test
3054,test
708,test
1233,test
576,test
3962,test
3865,test
903,test
3287,test
597,test
3011,test
1576,test
4036,test
832,test
2806,test
3246,test
1549,test
3618,test
644,test
584,test
650,test
2681,test
2094,test
1082,test
1720,test
565,test
1717,test
1569,test
1050,test
2209,test
2991,test
2718,test
3947,test
3240,test
399,test
2760,test
3244,test
3568,test
887,test
3330,test
37,test
2861,test
1827,test
3216,test
1756,test
2460,test
3603,test
2236,test
137,test
616,test
1745,test
1015,test
3592,test
2274,test
4029,test
2313,test
1736,test
3431,test
3758,test
527,test
351,test
1198,test
1515,test
205,test
1179,test
3766,test
1594,test
3000,test
559,test
3221,test
1531,test
570,test
2672,test
211,test
1952,test
3898,test
2051,test
3918,test
3694,test
1728,test
1942,test
3716,test
1616,test
1119,test
2979,test
1381,test
2486,test
2787,test
2873,test
3263,test
345,test
3328,test
1950,test
2693,test
787,test
145,test
3068,test
3793,test
3670,test
488,test
562,test
1114,test
3526,test
1465,test
1793,test
2632,test
2156,test
2452,test
1970,test
1362,test
1092,test
251,test
984,test
966,test
2106,test
3715,test
3487,test
690,test
1733,test
667,test
287,test
3871,test
2780,test
3247,test
545,test
3266,test
2215,test
160,test
2659,test
3688,test
3910,test
807,test
58,test
462,test
2970,test
1802,test
1349,test
1579,test
261,test
398,test
3791,test
190,test
764,test
2609,test
2623,test
459,test
3675,test
3067,test
162,test
2853,test
2685,test
2471,test
503,test
1259,test
1023,test
2328,test
3825,test
3114,test
2147,test
4035,test
1317,test
3631,test
2917,test
2903,test
2226,test
1540,test
1809,test
3690,test
366,test
1861,test
1253,test
1377,test
1732,test
707,test
1836,test
2132,test
2709,test
4026,test
2607,test
4050,test
2937,test
2407,test
3161,test
3354,test
2570,test
2818,test
438,test
3232,test
3146,test
3743,test
3600,test
3386,test
2248,test
1275,test
2305,test
1065,test
805,test
295,test
746,test
423,test
118,test
3409,test
3613,test
1842,test
3129,test
2263,test
3828,test
1553,test
54,test
3737,test
3596,test
2061,test
1214,test
1294,test
1238,test
446,test
1308,test
781,test
3609,test
2423,test
1123,test
2187,test
2686,test
397,test
2011,test
962,test
320,test
2294,test
3095,test
2239,test
3577,test
264,test
3875,test
2513,test
3954,test
3588,test
3986,test
3326,test
2743,test
325,test
1941,test
2529,test
3943,test
1544,test
3508,test
3502,test
930,test
1286,test
3008,test
2290,test
1669,test
2854,test
2645,test
3488,test
2828,test
1775,test
987,test
515,test
2642,test
3632,test
4046,test
2042,test
3558,test
1127,test
414,test
1351,test
3176,test
2153,test
915,test
1746,test
485,test
3894,test
2491,test
2258,test
3939,test
3103,test
938,test
2275,test
2431,test
1278,test
886,test
1041,test
3003,test
3096,test
1949,test
355,test
3300,test
1402,test
3595,test
270,test
836,test
926,test
2616,test
2508,test
2757,test
2067,test
1186,test
2064,test
1089,test
2356,test
3358,test
3567,test
3397,test
2121,test
1099,test
3587,test
52,test
1552,test
3649,test
1396,test
3057,test
3719,test
2781,test
1307,test
2934,test
1967,test
3756,test
1697,test
2863,test
2622,test
456,test
3713,test
2514,test
2706,test
3696,test
1173,test
1051,test
2297,test
1915,test
830,test
778,test
1316,test
3549,test
3337,test
227,test
247,test
2476,test
2769,test
1252,test
3709,test
1679,test
2218,test
1824,test
294,test
1046,test
3282,test
2798,test
89,test
661,test
1911,test
3220,test
3557,test
3268,test
2717,test
1158,test
1969,test
2572,test
2157,test
3139,test
494,test
2900,test
3916,test
2545,test
1737,test
3249,test
2882,test
2846,test
2567,test
2648,test
1649,test
3209,test
1561,test
604,test
816,test
2406,test
3899,test
1513,test
809,test
1880,test
3305,test
3181,test
3368,test
867,test
3484,test
1315,test
2229,test
3917,test
1896,test
2635,test
1786,test
2170,test
948,test
3477,test
391,test
2213,test
2497,test
3419,test
838,test
3281,test
401,test
3721,test
2044,test
3545,test
1901,test
149,test
2942,test
4023,test
3142,test
1279,test
2085,test
428,test
1742,test
3066,test
2614,test
2817,test
3390,test
3753,test
949,test
13,test
3394,test
1885,test
2775,test
3627,test
3607,test
1182,test
3720,test
2847,test
95,test
2894,test
2396,test
2535,test
1199,test
1365,test
1117,test
1210,test
2548,test
3056,test
1287,test
2459,test
1281,test
1056,test
2364,test
2299,test
1007,test
3284,test
3813,test
3672,test
1530,test
3150,test
3312,test
844,test
760,test
2001,test
2424,test
3286,test
1573,test
1442,test
1954,test
3135,test
2318,test
3085,test
986,test
2836,test
1951,test
3564,test
161,test
2440,test
1240,test
2255,test
1630,test
3757,test
3184,test
2555,test
1042,test
2713,test
2571,test
1181,test
893,test
2253,test
2383,test
458,test
3295,test
76,test
1602,test
1545,test
2410,test
3349,test
1534,test
1595,test
3980,test
2455,test
3988,test
3441,test
3025,test
1028,test
3166,test
2608,test
1505,test
499,test
323,test
93,test
862,test
3896,test
1022,test
1363,test
840,test
2811,test
1413,test
3469,test
564,test
2080,test
3458,test
364,test
2715,test
3525,test
440,test
3712,test
633,test
3299,test
1393,test
642,test
1900,test
2464,test
2500,test
81,test
4017,test
820,test
432,test
1394,test
2359,test
2921,test
450,test
3124,test
1610,test
3414,test
1564,test
3339,test
721,test
2154,test
1146,test
2936,test
1420,test
4058,test
533,test
2778,test
1408,test
105,test
2314,test
1371,test
3262,test
3919,test
978,test
3904,test
2087,test
339,test
961,test
3260,test
3475,test
525,test
2237,test
3884,test
3159,test
732,test
1507,test
5,test
1621,test
3771,test
3504,test
442,test
1353,test
861,test
1409,test
1356,test
3862,test
1383,test
3662,test
1528,test
1324,test
3447,test
2926,test
3186,test
1194,test
851,test
3195,test
301,test
3687,test
1626,test
1735,test
1810,test
2035,test
63,test
1532,test
718,test
1623,test
1245,test
998,test
1992,test
2702,test
3183,test
1499,test
1508,test
2377,test
279,test
277,test
2967,test
349,test
2015,test
4020,test
1211,test
65,test
49,test
3683,test
3655,test
3863,test
3141,test
410,test
689,test
1661,test
2225,test
3808,test
534,test
2165,test
3658,test
2420,test
3082,test
2676,test
2869,test
669,test
2111,test
735,test
2999,test
1524,test
3073,test
42,test
1658,test
3601,test
167,test
2857,test
3893,test
3148,test
2361,test
2344,test
1526,test
490,test
3792,test
3909,test
2591,test
641,test
290,test
2665,test
3362,test
1987,test
2827,test
2958,test
2260,test
3027,test
555,test
1058,test
2720,test
2365,test
1081,test
1815,test
535,test
1956,test
1296,test
1039,test
2480,test
1527,test
828,test
2669,test
1161,test
1726,test
2335,test
2499,test
1013,test
528,test
2348,test
752,test
2670,test
995,test
4015,test
1219,test
2082,test
286,test
314,test
1994,test
3619,test
333,test
182,test
2097,test
3590,test
2150,test
687,test
3723,test
41,test
3625,test
3438,test
3606,test
275,test
675,test
1856,test
3375,test
1137,test
749,test
908,test
437,test
491,test
1550,test
2189,test
706,test
1572,test
1633,test
4033,test
3021,test
1672,test
